#,Date ,close ,Return,Sorted Returns,,Replication,Simulated Returns,,Calculation of value at risk - Tata Steel,,,,
,,,,,,,,,,,,,
,10-Oct-25,678.95,0.32%,3.70%,,1,0.004679833,,Historical Approach,,,,
,9-Oct-25,681.1,0.07%,3.58%,,2,0.015924677,,Mean,,,,-0.09%
,8-Oct-25,681.55,2.42%,3.31%,,3,-0.013025188,,Std,,,,1.71%
,7-Oct-25,698.05,2.09%,2.94%,,4,-0.008215004,,Min,,,,-5.31%
,6-Oct-25,712.65,0.48%,2.81%,,5,-0.00907094,,Max,,,,3.70%
,3-Oct-25,716.1,0.31%,2.69%,,6,0.011674731,,CMP,,,,678.95
,1-Oct-25,718.35,-5.31%,2.64%,,7,0.022709103,,,,,,
,30-Sep-25,680.2,-1.13%,2.42%,,8,0.017334923,,,,,,
,29-Sep-25,672.5,0.06%,2.09%,,9,0.014786637,,Historical Approach,,,,
,26-Sep-25,672.9,-1.28%,2.09%,,10,0.016322512,,Mean,,,,-0.000389415
,25-Sep-25,664.3,2.81%,2.06%,,11,0.003679245,,Std,,,,0.016515665
,24-Sep-25,682.95,2.69%,2.02%,,12,0.010335122,,Min,,,,-0.05555642
,23-Sep-25,701.35,-0.73%,2.02%,,13,-0.002220163,,Max,,,,0.046720872
,22-Sep-25,696.25,1.61%,2.00%,,14,-0.01413337,,CMP,,,,678.95
,19-Sep-25,707.45,0.53%,1.91%,,15,-0.013533561,,,,,,
,18-Sep-25,711.2,1.12%,1.85%,,16,0.008522452,,Percentile   ,  Confidence,VaR (%),Stock Price,VaR (INR)
,17-Sep-25,719.15,-0.82%,1.76%,,17,-0.002885685,,5%,95%,0.02607,661.2497735,17.7002265
,16-Sep-25,713.25,-0.05%,1.75%,,18,0.003891154,,1%,99%,0.035179,655.065218,23.88478205
,15-Sep-25,712.9,0.33%,1.61%,,19,-0.016383459,,0.5%,99.5%,0.036268,654.3258414,24.6241586
,12-Sep-25,715.25,-1.31%,1.54%,,20,-0.014066712,,10%,90%,0.01991,665.4321055,13.5178945
,11-Sep-25,705.85,0.46%,1.47%,,21,-0.031769549,,,,,,
,10-Sep-25,709.1,0.91%,1.30%,,22,-0.007613867,,,,,,
,9-Sep-25,715.55,0.55%,1.25%,,23,-0.009006131,,,,,,
,8-Sep-25,719.5,-3.86%,1.12%,,24,0.013904217,,,,,,
,5-Sep-25,691.7,-0.61%,1.11%,,25,0.006034537,,,,,,
,4-Sep-25,687.5,0.66%,1.10%,,26,-0.022297837,,,,,,
,3-Sep-25,692.05,-1.11%,1.08%,,27,0.007171958,,,,,,
,2-Sep-25,684.4,0.84%,1.00%,,28,0.000688393,,,,,,
,1-Sep-25,690.15,-3.06%,0.98%,,29,-0.007431334,,,,,,
,29-Aug-25,669,0.96%,0.96%,,30,-0.003025507,,,,,,
,28-Aug-25,675.45,0.92%,0.92%,,31,0.01697543,,,,,,
,26-Aug-25,681.65,0.76%,0.91%,,32,-0.002111751,,,,,,
,25-Aug-25,686.8,-0.95%,0.84%,,33,0.00159258,,,,,,
,22-Aug-25,680.3,0.75%,0.80%,,34,-0.014232015,,,,,,
,21-Aug-25,685.4,0.61%,0.76%,,35,-0.005347948,,,,,,
,20-Aug-25,689.6,1.54%,0.75%,,36,0.004985636,,,,,,
,19-Aug-25,700.25,-3.46%,0.74%,,37,0.014704725,,,,,,
,18-Aug-25,676,-1.69%,0.69%,,38,-0.009949993,,,,,,
,14-Aug-25,664.6,-0.13%,0.67%,,39,0.006211152,,,,,,
,13-Aug-25,663.75,-1.45%,0.66%,,40,0.026438139,,,,,,
,12-Aug-25,654.1,-0.05%,0.66%,,41,0.014533428,,,,,,
,11-Aug-25,653.75,-3.07%,0.61%,,42,0.003459717,,,,,,
,8-Aug-25,633.7,2.02%,0.61%,,43,0.028046766,,,,,,
,7-Aug-25,646.5,0.98%,0.55%,,44,0.009600783,,,,,,
,6-Aug-25,652.85,0.27%,0.53%,,45,0.008751171,,,,,,
,5-Aug-25,654.6,-0.15%,0.48%,,46,0.034410594,,,,,,
,4-Aug-25,653.6,-0.73%,0.46%,,47,-0.014453793,,,,,,
,1-Aug-25,648.85,2.64%,0.46%,,48,-0.016094728,,,,,,
,31-Jul-25,665.95,0.38%,0.38%,,49,-0.016377358,,,,,,
,30-Jul-25,668.45,3.58%,0.38%,,50,0.01326821,,,,,,
,29-Jul-25,692.35,-1.36%,0.33%,,51,-0.011601276,,,,,,
,28-Jul-25,682.9,0.66%,0.32%,,52,-0.004590803,,,,,,
,25-Jul-25,687.4,1.91%,0.31%,,53,-0.027701998,,,,,,
,24-Jul-25,700.5,-1.48%,0.27%,,54,0.000599921,,,,,,
,23-Jul-25,690.1,-2.42%,0.21%,,55,-0.02491143,,,,,,
,22-Jul-25,673.4,2.09%,0.20%,,56,0.034381323,,,,,,
,21-Jul-25,687.45,-1.05%,0.16%,,57,-0.01004179,,,,,,
,18-Jul-25,680.25,0.21%,0.07%,,58,-0.014495766,,,,,,
,17-Jul-25,681.7,-0.40%,0.06%,,59,-0.015188283,,,,,,
,16-Jul-25,679,0.80%,0.06%,,60,-0.003545926,,,,,,
,15-Jul-25,684.4,-1.45%,0.03%,,61,0.00444813,,,,,,
,14-Jul-25,674.5,1.08%,-0.05%,,62,0.009614892,,,,,,
,11-Jul-25,681.8,2.02%,-0.05%,,63,0.001475874,,,,,,
,10-Jul-25,695.6,-0.40%,-0.11%,,64,0.009530523,,,,,,
,9-Jul-25,692.8,0.06%,-0.12%,,65,-0.02383846,,,,,,
,8-Jul-25,693.2,-0.63%,-0.13%,,66,0.001720615,,,,,,
,7-Jul-25,688.85,0.03%,-0.13%,,67,-0.014083657,,,,,,
,4-Jul-25,689.05,0.20%,-0.13%,,68,-0.006805485,,,,,,
,3-Jul-25,690.4,-0.27%,-0.14%,,69,0.015278618,,,,,,
,2-Jul-25,688.55,-0.69%,-0.15%,,70,-0.014506115,,,,,,
,1-Jul-25,683.8,0.61%,-0.16%,,71,0.017938397,,,,,,
,30-Jun-25,688,-0.16%,-0.21%,,72,-0.002085874,,,,,,
,27-Jun-25,686.9,-0.60%,-0.27%,,73,0.021948925,,,,,,
,26-Jun-25,682.75,-1.21%,-0.30%,,74,0.009926834,,,,,,
,25-Jun-25,674.5,-0.13%,-0.36%,,75,-0.001603533,,,,,,
,24-Jun-25,673.65,-0.36%,-0.36%,,76,0.021704581,,,,,,
,23-Jun-25,671.25,0.74%,-0.37%,,77,-0.014577228,,,,,,
,20-Jun-25,676.2,-0.58%,-0.40%,,78,0.023385266,,,,,,
,19-Jun-25,672.3,-0.30%,-0.40%,,79,-0.00628149,,,,,,
,18-Jun-25,670.25,0.67%,-0.56%,,80,0.007872442,,,,,,
,17-Jun-25,674.75,1.76%,-0.58%,,81,0.030868662,,,,,,
,16-Jun-25,686.65,3.70%,-0.60%,,82,0.029249293,,,,,,
,13-Jun-25,712.05,0.46%,-0.61%,,83,-0.010715117,,,,,,
,12-Jun-25,715.35,2.94%,-0.63%,,84,0.003576641,,,,,,
,11-Jun-25,736.4,-0.56%,-0.69%,,85,0.007783577,,,,,,
,10-Jun-25,732.25,-1.97%,-0.73%,,86,0.036450297,,,,,,
,9-Jun-25,717.8,-0.95%,-0.73%,,87,0.024166997,,,,,,
,6-Jun-25,711,-0.12%,-0.75%,,88,0.005465083,,,,,,
,5-Jun-25,710.15,-0.14%,-0.82%,,89,-0.006747226,,,,,,
,4-Jun-25,709.15,-0.75%,-0.88%,,90,0.000601095,,,,,,
,3-Jun-25,703.85,1.10%,-0.90%,,91,0.009190383,,,,,,
,2-Jun-25,711.6,1.11%,-0.95%,,92,-0.013265423,,,,,,
,30-May-25,719.5,0.69%,-0.95%,,93,-0.001003734,,,,,,
,29-May-25,724.45,-0.90%,-1.05%,,94,0.030294962,,,,,,
,28-May-25,717.95,-0.21%,-1.09%,,95,0.032134167,,,,,,
,27-May-25,716.45,1.75%,-1.11%,,96,-0.035562937,,,,,,
,26-May-25,729,-1.47%,-1.13%,,97,-0.002384833,,,,,,
,23-May-25,718.25,-0.11%,-1.19%,,98,0.00462479,,,,,,
,22-May-25,717.45,1.30%,-1.21%,,99,0.028525526,,,,,,
,21-May-25,726.8,-1.09%,-1.26%,,100,-0.006922598,,,,,,
,20-May-25,718.9,1.47%,-1.28%,,101,0.009691479,,,,,,
,19-May-25,729.5,0.16%,-1.31%,,102,0.003881458,,,,,,
,16-May-25,730.7,-0.36%,-1.35%,,103,0.010571067,,,,,,
,15-May-25,728.1,-4.00%,-1.36%,,104,-0.015210759,,,,,,
,14-May-25,698.95,1.25%,-1.44%,,105,-0.022462524,,,,,,
,13-May-25,707.7,1.85%,-1.45%,,106,-0.008353245,,,,,,
,12-May-25,720.8,-1.71%,-1.45%,,107,0.003194354,,,,,,
,9-May-25,708.5,-3.62%,-1.47%,,108,-0.025769905,,,,,,
,8-May-25,682.85,-0.37%,-1.48%,,109,0.0006486,,,,,,
,7-May-25,680.3,-4.72%,-1.69%,,110,0.022970154,,,,,,
,6-May-25,648.2,2.06%,-1.71%,,111,-0.003014571,,,,,,
,5-May-25,661.55,-1.44%,-1.93%,,112,0.005931627,,,,,,
,2-May-25,652,-1.19%,-1.97%,,113,0.017006627,,,,,,
,30-Apr-25,644.25,3.31%,-2.42%,,114,6.30072E-05,,,,,,
,29-Apr-25,665.6,0.38%,-3.06%,,115,-0.027512188,,,,,,
,28-Apr-25,668.15,-1.93%,-3.07%,,116,-0.004523493,,,,,,
,25-Apr-25,655.25,2.00%,-3.46%,,117,0.016021061,,,,,,
,24-Apr-25,668.35,-1.26%,-3.62%,,118,0.000329525,,,,,,
,23-Apr-25,659.9,-4.40%,-3.86%,,119,-0.012619738,,,,,,
,22-Apr-25,630.85,-0.13%,-4.00%,,120,-0.032214272,,,,,,
,21-Apr-25,630.05,-1.35%,-4.36%,,121,0.010309152,,,,,,
,17-Apr-25,621.55,-0.88%,-4.40%,,122,-0.027398897,,,,,,
,16-Apr-25,616.05,1.00%,-4.72%,,123,-0.009325036,,,,,,
,15-Apr-25,622.2,-4.36%,-5.31%,,124,0.000620768,,,,,,
,11-Apr-25,595.05,-100.00%,-100.00%,,125,0.022620442,,,,,,
,,,,,,126,-0.025677431,,,,,,
,,,,,,127,-0.005751786,,,,,,
,,,,,,128,0.017952766,,,,,,
,,,,,,129,-0.00100819,,,,,,
,,,,,,130,0.005184129,,,,,,
,,,,,,131,-0.006230985,,,,,,
,,,,,,132,0.033485166,,,,,,
,,,,,,133,-0.005259099,,,,,,
,,,,,,134,0.007631235,,,,,,
,,,,,,135,-0.00918869,,,,,,
,,,,,,136,0.009122192,,,,,,
,,,,,,137,0.003731872,,,,,,
,,,,,,138,-0.0346214,,,,,,
,,,,,,139,-0.005065757,,,,,,
,,,,,,140,0.036985296,,,,,,
,,,,,,141,-0.015257627,,,,,,
,,,,,,142,-0.007284774,,,,,,
,,,,,,143,-0.029030984,,,,,,
,,,,,,144,0.017192992,,,,,,
,,,,,,145,-0.011199385,,,,,,
,,,,,,146,-0.005705838,,,,,,
,,,,,,147,0.010431251,,,,,,
,,,,,,148,-0.014168904,,,,,,
,,,,,,149,0.014857289,,,,,,
,,,,,,150,0.013607656,,,,,,
,,,,,,151,0.016663554,,,,,,
,,,,,,152,-0.007087776,,,,,,
,,,,,,153,-0.019353398,,,,,,
,,,,,,154,-0.031879588,,,,,,
,,,,,,155,0.029304985,,,,,,
,,,,,,156,0.010242694,,,,,,
,,,,,,157,0.005428516,,,,,,
,,,,,,158,-0.01537784,,,,,,
,,,,,,159,-0.018445825,,,,,,
,,,,,,160,0.009611722,,,,,,
,,,,,,161,-0.003108055,,,,,,
,,,,,,162,0.003665629,,,,,,
,,,,,,163,-0.021195545,,,,,,
,,,,,,164,0.001521814,,,,,,
,,,,,,165,-0.019504011,,,,,,
,,,,,,166,-0.003808047,,,,,,
,,,,,,167,-0.02799998,,,,,,
,,,,,,168,-0.00916372,,,,,,
,,,,,,169,0.000809228,,,,,,
,,,,,,170,0.003366482,,,,,,
,,,,,,171,0.03773719,,,,,,
,,,,,,172,0.013634386,,,,,,
,,,,,,173,-0.008006053,,,,,,
,,,,,,174,-0.002142586,,,,,,
,,,,,,175,0.009464956,,,,,,
,,,,,,176,-0.015679641,,,,,,
,,,,,,177,-0.010936575,,,,,,
,,,,,,178,-0.033492733,,,,,,
,,,,,,179,0.006877726,,,,,,
,,,,,,180,-0.009530594,,,,,,
,,,,,,181,0.026494673,,,,,,
,,,,,,182,0.003036085,,,,,,
,,,,,,183,-0.008565831,,,,,,
,,,,,,184,0.039671026,,,,,,
,,,,,,185,0.001720556,,,,,,
,,,,,,186,-0.026544543,,,,,,
,,,,,,187,0.016771154,,,,,,
,,,,,,188,0.025265647,,,,,,
,,,,,,189,0.006969564,,,,,,
,,,,,,190,-0.018857299,,,,,,
,,,,,,191,-0.024059198,,,,,,
,,,,,,192,-0.012360276,,,,,,
,,,,,,193,-0.003003153,,,,,,
,,,,,,194,-0.02968869,,,,,,
,,,,,,195,-0.012985444,,,,,,
,,,,,,196,0.008087148,,,,,,
,,,,,,197,-0.016230486,,,,,,
,,,,,,198,0.007715984,,,,,,
,,,,,,199,-0.020500663,,,,,,
,,,,,,200,0.02878344,,,,,,
,,,,,,201,-0.006942875,,,,,,
,,,,,,202,0.028855088,,,,,,
,,,,,,203,-0.016207244,,,,,,
,,,,,,204,0.005008378,,,,,,
,,,,,,205,-2.36654E-05,,,,,,
,,,,,,206,-0.022616027,,,,,,
,,,,,,207,-0.013063483,,,,,,
,,,,,,208,0.008523271,,,,,,
,,,,,,209,0.009808178,,,,,,
,,,,,,210,-0.009230781,,,,,,
,,,,,,211,-0.009910264,,,,,,
,,,,,,212,-0.014947584,,,,,,
,,,,,,213,0.008475997,,,,,,
,,,,,,214,0.0001036,,,,,,
,,,,,,215,-0.002602916,,,,,,
,,,,,,216,0.003580529,,,,,,
,,,,,,217,0.002302183,,,,,,
,,,,,,218,0.002357729,,,,,,
,,,,,,219,0.00270863,,,,,,
,,,,,,220,0.004470896,,,,,,
,,,,,,221,-0.014672522,,,,,,
,,,,,,222,0.001514969,,,,,,
,,,,,,223,0.011872186,,,,,,
,,,,,,224,0.013632153,,,,,,
,,,,,,225,-0.019339097,,,,,,
,,,,,,226,-0.015670721,,,,,,
,,,,,,227,-0.008759588,,,,,,
,,,,,,228,0.013014674,,,,,,
,,,,,,229,0.015273675,,,,,,
,,,,,,230,-0.020775107,,,,,,
,,,,,,231,-0.01483594,,,,,,
,,,,,,232,-0.015987158,,,,,,
,,,,,,233,0.017814103,,,,,,
,,,,,,234,-0.003261983,,,,,,
,,,,,,235,0.010229474,,,,,,
,,,,,,236,0.006563119,,,,,,
,,,,,,237,-0.008720227,,,,,,
,,,,,,238,-0.02030907,,,,,,
,,,,,,239,0.000713835,,,,,,
,,,,,,240,-0.02070172,,,,,,
,,,,,,241,-0.003007962,,,,,,
,,,,,,242,-0.024877786,,,,,,
,,,,,,243,0.01526334,,,,,,
,,,,,,244,-0.010111608,,,,,,
,,,,,,245,-0.019555566,,,,,,
,,,,,,246,0.001309699,,,,,,
,,,,,,247,-0.00636565,,,,,,
,,,,,,248,0.012094815,,,,,,
,,,,,,249,-0.003652596,,,,,,
,,,,,,250,-0.000514444,,,,,,
,,,,,,251,0.008023018,,,,,,
,,,,,,252,-0.028388218,,,,,,
,,,,,,253,-0.02936613,,,,,,
,,,,,,254,0.021173444,,,,,,
,,,,,,255,-0.008487605,,,,,,
,,,,,,256,0.009805442,,,,,,
,,,,,,257,0.017490183,,,,,,
,,,,,,258,-0.00494397,,,,,,
,,,,,,259,-0.009125956,,,,,,
,,,,,,260,-0.007514419,,,,,,
,,,,,,261,-0.025735015,,,,,,
,,,,,,262,-0.00012722,,,,,,
,,,,,,263,-0.006003994,,,,,,
,,,,,,264,-0.006782331,,,,,,
,,,,,,265,-0.00371985,,,,,,
,,,,,,266,-0.005069545,,,,,,
,,,,,,267,-0.012932475,,,,,,
,,,,,,268,-0.027017772,,,,,,
,,,,,,269,-0.014731042,,,,,,
,,,,,,270,0.017559732,,,,,,
,,,,,,271,0.000931425,,,,,,
,,,,,,272,0.003176443,,,,,,
,,,,,,273,-0.018862027,,,,,,
,,,,,,274,0.012628701,,,,,,
,,,,,,275,-0.015936657,,,,,,
,,,,,,276,0.0085983,,,,,,
,,,,,,277,0.031843034,,,,,,
,,,,,,278,0.024844831,,,,,,
,,,,,,279,-0.010462883,,,,,,
,,,,,,280,0.029106598,,,,,,
,,,,,,281,-0.002397463,,,,,,
,,,,,,282,-0.011890639,,,,,,
,,,,,,283,0.019611165,,,,,,
,,,,,,284,0.013550104,,,,,,
,,,,,,285,-0.009925459,,,,,,
,,,,,,286,0.003483783,,,,,,
,,,,,,287,0.01865829,,,,,,
,,,,,,288,-0.001041084,,,,,,
,,,,,,289,-0.007923919,,,,,,
,,,,,,290,0.022216971,,,,,,
,,,,,,291,-0.010612204,,,,,,
,,,,,,292,0.007314703,,,,,,
,,,,,,293,-0.01519416,,,,,,
,,,,,,294,0.002499922,,,,,,
,,,,,,295,0.007730464,,,,,,
,,,,,,296,0.010126726,,,,,,
,,,,,,297,0.016099905,,,,,,
,,,,,,298,0.031497367,,,,,,
,,,,,,299,-0.006454355,,,,,,
,,,,,,300,-0.006620128,,,,,,
,,,,,,301,-0.02254141,,,,,,
,,,,,,302,-0.045829526,,,,,,
,,,,,,303,-0.038383361,,,,,,
,,,,,,304,-0.001635683,,,,,,
,,,,,,305,-0.007760207,,,,,,
,,,,,,306,0.019769703,,,,,,
,,,,,,307,0.008083977,,,,,,
,,,,,,308,0.003268195,,,,,,
,,,,,,309,0.000809832,,,,,,
,,,,,,310,0.001514883,,,,,,
,,,,,,311,0.003472408,,,,,,
,,,,,,312,-0.012530179,,,,,,
,,,,,,313,0.004966663,,,,,,
,,,,,,314,-0.002129001,,,,,,
,,,,,,315,0.019069112,,,,,,
,,,,,,316,-0.01921124,,,,,,
,,,,,,317,0.032504994,,,,,,
,,,,,,318,0.024686406,,,,,,
,,,,,,319,0.010091662,,,,,,
,,,,,,320,-0.014263382,,,,,,
,,,,,,321,0.017677454,,,,,,
,,,,,,322,0.004949537,,,,,,
,,,,,,323,-0.038033157,,,,,,
,,,,,,324,-0.001211636,,,,,,
,,,,,,325,0.000390044,,,,,,
,,,,,,326,0.014402651,,,,,,
,,,,,,327,0.015521717,,,,,,
,,,,,,328,-0.016348106,,,,,,
,,,,,,329,-0.001400624,,,,,,
,,,,,,330,-0.023486136,,,,,,
,,,,,,331,0.000204183,,,,,,
,,,,,,332,-0.002838812,,,,,,
,,,,,,333,0.023193398,,,,,,
,,,,,,334,0.021077612,,,,,,
,,,,,,335,0.006217718,,,,,,
,,,,,,336,-0.006532086,,,,,,
,,,,,,337,0.028093176,,,,,,
,,,,,,338,0.019335103,,,,,,
,,,,,,339,0.025812745,,,,,,
,,,,,,340,-0.015074305,,,,,,
,,,,,,341,-0.028175238,,,,,,
,,,,,,342,0.024239959,,,,,,
,,,,,,343,-0.004215659,,,,,,
,,,,,,344,0.017345103,,,,,,
,,,,,,345,0.034192866,,,,,,
,,,,,,346,0.001665199,,,,,,
,,,,,,347,0.01651523,,,,,,
,,,,,,348,-0.011793631,,,,,,
,,,,,,349,0.013335572,,,,,,
,,,,,,350,0.009600229,,,,,,
,,,,,,351,-0.023432377,,,,,,
,,,,,,352,0.011277438,,,,,,
,,,,,,353,0.001871267,,,,,,
,,,,,,354,0.010979635,,,,,,
,,,,,,355,0.001486598,,,,,,
,,,,,,356,-0.008670711,,,,,,
,,,,,,357,-0.009867676,,,,,,
,,,,,,358,0.01258378,,,,,,
,,,,,,359,-0.010481711,,,,,,
,,,,,,360,-0.007088363,,,,,,
,,,,,,361,-0.013423336,,,,,,
,,,,,,362,-0.025926411,,,,,,
,,,,,,363,-0.001101519,,,,,,
,,,,,,364,-0.002694755,,,,,,
,,,,,,365,-0.018782421,,,,,,
,,,,,,366,-0.005088686,,,,,,
,,,,,,367,-0.006795017,,,,,,
,,,,,,368,0.00124131,,,,,,
,,,,,,369,-0.003555917,,,,,,
,,,,,,370,0.005280419,,,,,,
,,,,,,371,0.001420702,,,,,,
,,,,,,372,0.010301341,,,,,,
,,,,,,373,-0.022391473,,,,,,
,,,,,,374,-0.018387801,,,,,,
,,,,,,375,0.009751323,,,,,,
,,,,,,376,0.002626261,,,,,,
,,,,,,377,0.013753584,,,,,,
,,,,,,378,-0.005598936,,,,,,
,,,,,,379,-0.044297194,,,,,,
,,,,,,380,-0.003020158,,,,,,
,,,,,,381,0.026723108,,,,,,
,,,,,,382,-0.016765786,,,,,,
,,,,,,383,-0.012912944,,,,,,
,,,,,,384,-0.025961372,,,,,,
,,,,,,385,0.034090377,,,,,,
,,,,,,386,-0.037630066,,,,,,
,,,,,,387,0.00914531,,,,,,
,,,,,,388,0.016599365,,,,,,
,,,,,,389,0.027083268,,,,,,
,,,,,,390,0.028883372,,,,,,
,,,,,,391,-0.007042364,,,,,,
,,,,,,392,0.014907868,,,,,,
,,,,,,393,4.77913E-05,,,,,,
,,,,,,394,0.012060433,,,,,,
,,,,,,395,0.009058375,,,,,,
,,,,,,396,-0.017239131,,,,,,
,,,,,,397,-0.00332613,,,,,,
,,,,,,398,-0.010745266,,,,,,
,,,,,,399,0.012016213,,,,,,
,,,,,,400,0.007049704,,,,,,
,,,,,,401,0.005119264,,,,,,
,,,,,,402,-0.019139175,,,,,,
,,,,,,403,0.023246911,,,,,,
,,,,,,404,-0.006486896,,,,,,
,,,,,,405,-0.013376376,,,,,,
,,,,,,406,0.019670314,,,,,,
,,,,,,407,0.024954832,,,,,,
,,,,,,408,0.000223862,,,,,,
,,,,,,409,0.025891129,,,,,,
,,,,,,410,0.021760421,,,,,,
,,,,,,411,-0.02617776,,,,,,
,,,,,,412,-0.022654534,,,,,,
,,,,,,413,-0.004163494,,,,,,
,,,,,,414,-0.007695252,,,,,,
,,,,,,415,0.046720872,,,,,,
,,,,,,416,-0.006177092,,,,,,
,,,,,,417,-0.030802545,,,,,,
,,,,,,418,-0.020253034,,,,,,
,,,,,,419,-0.012765916,,,,,,
,,,,,,420,-0.002333226,,,,,,
,,,,,,421,0.001344799,,,,,,
,,,,,,422,-0.013780616,,,,,,
,,,,,,423,0.006151725,,,,,,
,,,,,,424,0.001676848,,,,,,
,,,,,,425,0.00202385,,,,,,
,,,,,,426,0.019425235,,,,,,
,,,,,,427,-0.014107872,,,,,,
,,,,,,428,-0.015397334,,,,,,
,,,,,,429,0.016766067,,,,,,
,,,,,,430,-0.01101971,,,,,,
,,,,,,431,-0.015906738,,,,,,
,,,,,,432,-0.019697647,,,,,,
,,,,,,433,0.008337846,,,,,,
,,,,,,434,0.010793552,,,,,,
,,,,,,435,0.001805877,,,,,,
,,,,,,436,-0.008058219,,,,,,
,,,,,,437,0.002364598,,,,,,
,,,,,,438,-0.014337811,,,,,,
,,,,,,439,-0.009504575,,,,,,
,,,,,,440,-0.023155522,,,,,,
,,,,,,441,0.015113166,,,,,,
,,,,,,442,0.020902741,,,,,,
,,,,,,443,-0.05555642,,,,,,
,,,,,,444,-0.017303481,,,,,,
,,,,,,445,-0.01419613,,,,,,
,,,,,,446,0.018681886,,,,,,
,,,,,,447,0.003241523,,,,,,
,,,,,,448,-0.015674854,,,,,,
,,,,,,449,0.001288184,,,,,,
,,,,,,450,-0.013189021,,,,,,
,,,,,,451,0.006054471,,,,,,
,,,,,,452,0.006412459,,,,,,
,,,,,,453,-0.007822136,,,,,,
,,,,,,454,0.01168657,,,,,,
,,,,,,455,0.009396374,,,,,,
,,,,,,456,0.04019746,,,,,,
,,,,,,457,-0.028564079,,,,,,
,,,,,,458,-0.003734956,,,,,,
,,,,,,459,0.001797073,,,,,,
,,,,,,460,-0.002384014,,,,,,
,,,,,,461,-0.002182256,,,,,,
,,,,,,462,0.018975349,,,,,,
,,,,,,463,-0.004327378,,,,,,
,,,,,,464,-0.018057413,,,,,,
,,,,,,465,0.023448523,,,,,,
,,,,,,466,-0.014688209,,,,,,
,,,,,,467,0.024776043,,,,,,
,,,,,,468,0.003207999,,,,,,
,,,,,,469,-0.011115876,,,,,,
,,,,,,470,-0.008269391,,,,,,
,,,,,,471,-0.009048446,,,,,,
,,,,,,472,-0.01713096,,,,,,
,,,,,,473,0.019202296,,,,,,
,,,,,,474,0.002152122,,,,,,
,,,,,,475,0.012822535,,,,,,
,,,,,,476,0.000574782,,,,,,
,,,,,,477,-0.014322972,,,,,,
,,,,,,478,-0.003638338,,,,,,
,,,,,,479,0.030138655,,,,,,
,,,,,,480,0.041201318,,,,,,
,,,,,,481,-0.016623358,,,,,,
,,,,,,482,-0.008915687,,,,,,
,,,,,,483,-0.008031587,,,,,,
,,,,,,484,-0.036208842,,,,,,
,,,,,,485,0.004965365,,,,,,
,,,,,,486,-0.000804056,,,,,,
,,,,,,487,0.000452283,,,,,,
,,,,,,488,0.028312058,,,,,,
,,,,,,489,0.009500422,,,,,,
,,,,,,490,0.000469925,,,,,,
,,,,,,491,0.031374437,,,,,,
,,,,,,492,0.001059813,,,,,,
,,,,,,493,0.000854623,,,,,,
,,,,,,494,-0.01097797,,,,,,
,,,,,,495,-0.021098799,,,,,,
,,,,,,496,-0.011714821,,,,,,
,,,,,,497,-0.017286269,,,,,,
,,,,,,498,-0.011432691,,,,,,
,,,,,,499,-0.005276804,,,,,,
,,,,,,500,-0.003720644,,,,,,
,,,,,,501,-0.001051982,,,,,,
,,,,,,502,-0.042213949,,,,,,
,,,,,,503,0.023116129,,,,,,
,,,,,,504,0.01542411,,,,,,
,,,,,,505,-0.002155055,,,,,,
,,,,,,506,0.00775691,,,,,,
,,,,,,507,-0.030477289,,,,,,
,,,,,,508,0.010996446,,,,,,
,,,,,,509,0.013652458,,,,,,
,,,,,,510,-0.008184354,,,,,,
,,,,,,511,-0.003769844,,,,,,
,,,,,,512,0.014378836,,,,,,
,,,,,,513,-0.000584502,,,,,,
,,,,,,514,0.018704125,,,,,,
,,,,,,515,-0.008334418,,,,,,
,,,,,,516,-0.009402804,,,,,,
,,,,,,517,0.025679683,,,,,,
,,,,,,518,-0.025441649,,,,,,
,,,,,,519,-0.017499186,,,,,,
,,,,,,520,0.012399829,,,,,,
,,,,,,521,0.013543357,,,,,,
,,,,,,522,-0.015174629,,,,,,
,,,,,,523,0.021212593,,,,,,
,,,,,,524,-0.023973024,,,,,,
,,,,,,525,-0.007874841,,,,,,
,,,,,,526,0.002516853,,,,,,
,,,,,,527,-0.019575177,,,,,,
,,,,,,528,-0.008781971,,,,,,
,,,,,,529,-0.005623354,,,,,,
,,,,,,530,0.017723551,,,,,,
,,,,,,531,0.025161121,,,,,,
,,,,,,532,0.004090225,,,,,,
,,,,,,533,0.025734102,,,,,,
,,,,,,534,-0.017033343,,,,,,
,,,,,,535,-0.025641462,,,,,,
,,,,,,536,-0.006478024,,,,,,
,,,,,,537,0.009173249,,,,,,
,,,,,,538,-0.005933854,,,,,,
,,,,,,539,-0.027651525,,,,,,
,,,,,,540,0.008819204,,,,,,
,,,,,,541,-0.043545962,,,,,,
,,,,,,542,0.001607535,,,,,,
,,,,,,543,-0.002025942,,,,,,
,,,,,,544,0.009499609,,,,,,
,,,,,,545,0.017573833,,,,,,
,,,,,,546,-0.009735559,,,,,,
,,,,,,547,-0.035021666,,,,,,
,,,,,,548,-0.023408706,,,,,,
,,,,,,549,-0.023526443,,,,,,
,,,,,,550,0.026314905,,,,,,
,,,,,,551,0.010334999,,,,,,
,,,,,,552,0.00485988,,,,,,
,,,,,,553,-0.001415417,,,,,,
,,,,,,554,0.005513169,,,,,,
,,,,,,555,0.011773733,,,,,,
,,,,,,556,0.003169872,,,,,,
,,,,,,557,-0.003284716,,,,,,
,,,,,,558,0.009676966,,,,,,
,,,,,,559,0.029480258,,,,,,
,,,,,,560,-0.016666734,,,,,,
,,,,,,561,-0.008398351,,,,,,
,,,,,,562,0.002171504,,,,,,
,,,,,,563,0.034045652,,,,,,
,,,,,,564,-0.004927311,,,,,,
,,,,,,565,-0.025171115,,,,,,
,,,,,,566,-0.012813358,,,,,,
,,,,,,567,0.024368406,,,,,,
,,,,,,568,-0.012914372,,,,,,
,,,,,,569,-0.022081497,,,,,,
,,,,,,570,-0.010085355,,,,,,
,,,,,,571,0.004226257,,,,,,
,,,,,,572,0.030351118,,,,,,
,,,,,,573,0.034163854,,,,,,
,,,,,,574,0.006531555,,,,,,
,,,,,,575,0.003844118,,,,,,
,,,,,,576,-0.000782108,,,,,,
,,,,,,577,0.008484255,,,,,,
,,,,,,578,0.017942136,,,,,,
,,,,,,579,0.0102656,,,,,,
,,,,,,580,-0.020286958,,,,,,
,,,,,,581,-0.010718085,,,,,,
,,,,,,582,-0.01255831,,,,,,
,,,,,,583,-0.00463367,,,,,,
,,,,,,584,0.010929283,,,,,,
,,,,,,585,-0.002710614,,,,,,
,,,,,,586,0.000961901,,,,,,
,,,,,,587,0.014962907,,,,,,
,,,,,,588,0.010133046,,,,,,
,,,,,,589,0.017320556,,,,,,
,,,,,,590,0.012773364,,,,,,
,,,,,,591,0.006363862,,,,,,
,,,,,,592,0.002828398,,,,,,
,,,,,,593,0.015076265,,,,,,
,,,,,,594,0.010230532,,,,,,
,,,,,,595,-0.051879465,,,,,,
,,,,,,596,0.00370728,,,,,,
,,,,,,597,0.003560713,,,,,,
,,,,,,598,-0.010830873,,,,,,
,,,,,,599,0.015132053,,,,,,
,,,,,,600,0.004279601,,,,,,
,,,,,,601,-0.001041291,,,,,,
,,,,,,602,-0.01558619,,,,,,
,,,,,,603,-0.001222175,,,,,,
,,,,,,604,-0.00129745,,,,,,
,,,,,,605,-0.008085764,,,,,,
,,,,,,606,0.002653015,,,,,,
,,,,,,607,-0.025153981,,,,,,
,,,,,,608,-0.00825933,,,,,,
,,,,,,609,0.005372668,,,,,,
,,,,,,610,-0.002981543,,,,,,
,,,,,,611,0.004675013,,,,,,
,,,,,,612,0.018152653,,,,,,
,,,,,,613,0.005445514,,,,,,
,,,,,,614,-0.001880372,,,,,,
,,,,,,615,0.005633758,,,,,,
,,,,,,616,0.001513651,,,,,,
,,,,,,617,0.003052246,,,,,,
,,,,,,618,0.012990512,,,,,,
,,,,,,619,-0.002610836,,,,,,
,,,,,,620,0.012203342,,,,,,
,,,,,,621,0.006881949,,,,,,
,,,,,,622,-0.000641088,,,,,,
,,,,,,623,0.008661309,,,,,,
,,,,,,624,0.005203935,,,,,,
,,,,,,625,-0.017277583,,,,,,
,,,,,,626,-0.005146136,,,,,,
,,,,,,627,0.033860942,,,,,,
,,,,,,628,-0.007745024,,,,,,
,,,,,,629,0.003827466,,,,,,
,,,,,,630,-0.00368696,,,,,,
,,,,,,631,0.020364116,,,,,,
,,,,,,632,-0.001857348,,,,,,
,,,,,,633,-0.008778122,,,,,,
,,,,,,634,0.010144763,,,,,,
,,,,,,635,0.032663078,,,,,,
,,,,,,636,-0.021614378,,,,,,
,,,,,,637,-0.002208927,,,,,,
,,,,,,638,-0.00476415,,,,,,
,,,,,,639,0.012698095,,,,,,
,,,,,,640,-0.001282914,,,,,,
,,,,,,641,-0.007029891,,,,,,
,,,,,,642,0.00802056,,,,,,
,,,,,,643,0.001634662,,,,,,
,,,,,,644,0.005797682,,,,,,
,,,,,,645,0.001295125,,,,,,
,,,,,,646,-0.006394815,,,,,,
,,,,,,647,-0.027388247,,,,,,
,,,,,,648,-0.005016776,,,,,,
,,,,,,649,-0.014688708,,,,,,
,,,,,,650,-0.026017235,,,,,,
,,,,,,651,-0.001941921,,,,,,
,,,,,,652,-0.002055377,,,,,,
,,,,,,653,-0.012988356,,,,,,
,,,,,,654,-0.007556649,,,,,,
,,,,,,655,0.024320356,,,,,,
,,,,,,656,0.019841233,,,,,,
,,,,,,657,-0.002530535,,,,,,
,,,,,,658,0.006133492,,,,,,
,,,,,,659,-0.02234144,,,,,,
,,,,,,660,-0.000101786,,,,,,
,,,,,,661,-0.006296597,,,,,,
,,,,,,662,-0.001696243,,,,,,
,,,,,,663,-0.017818523,,,,,,
,,,,,,664,0.007134445,,,,,,
,,,,,,665,-0.009568019,,,,,,
,,,,,,666,-0.039219814,,,,,,
,,,,,,667,0.002288119,,,,,,
,,,,,,668,0.013251038,,,,,,
,,,,,,669,0.014240212,,,,,,
,,,,,,670,0.02942382,,,,,,
,,,,,,671,-0.007164489,,,,,,
,,,,,,672,-0.04514617,,,,,,
,,,,,,673,0.022554683,,,,,,
,,,,,,674,0.002257404,,,,,,
,,,,,,675,-0.016275191,,,,,,
,,,,,,676,-0.008323371,,,,,,
,,,,,,677,-0.019479319,,,,,,
,,,,,,678,0.020185205,,,,,,
,,,,,,679,-0.013029907,,,,,,
,,,,,,680,0.000180821,,,,,,
,,,,,,681,-0.024141878,,,,,,
,,,,,,682,-0.009867283,,,,,,
,,,,,,683,0.02374353,,,,,,
,,,,,,684,0.008323138,,,,,,
,,,,,,685,-0.00650939,,,,,,
,,,,,,686,-0.030272449,,,,,,
,,,,,,687,-0.026330193,,,,,,
,,,,,,688,-0.001334475,,,,,,
,,,,,,689,-0.001993235,,,,,,
,,,,,,690,-0.001560909,,,,,,
,,,,,,691,0.01142845,,,,,,
,,,,,,692,-0.004826972,,,,,,
,,,,,,693,-0.003123689,,,,,,
,,,,,,694,-0.018411902,,,,,,
,,,,,,695,-0.004442669,,,,,,
,,,,,,696,-0.026894406,,,,,,
,,,,,,697,0.004949731,,,,,,
,,,,,,698,-0.015730725,,,,,,
,,,,,,699,-0.007488275,,,,,,
,,,,,,700,0.011727779,,,,,,
,,,,,,701,-0.002240922,,,,,,
,,,,,,702,-0.023476669,,,,,,
,,,,,,703,0.007866659,,,,,,
,,,,,,704,0.045766612,,,,,,
,,,,,,705,-0.002633513,,,,,,
,,,,,,706,0.004873784,,,,,,
,,,,,,707,0.025161115,,,,,,
,,,,,,708,0.00091426,,,,,,
,,,,,,709,0.00881211,,,,,,
,,,,,,710,-0.002820129,,,,,,
,,,,,,711,0.008310852,,,,,,
,,,,,,712,0.031099151,,,,,,
,,,,,,713,-0.016741153,,,,,,
,,,,,,714,-0.034294018,,,,,,
,,,,,,715,-0.029588407,,,,,,
,,,,,,716,0.006151232,,,,,,
,,,,,,717,0.019671861,,,,,,
,,,,,,718,-0.012828572,,,,,,
,,,,,,719,0.002051676,,,,,,
,,,,,,720,-0.046976964,,,,,,
,,,,,,721,0.018952019,,,,,,
,,,,,,722,-0.024850468,,,,,,
,,,,,,723,-0.008369582,,,,,,
,,,,,,724,0.000646504,,,,,,
,,,,,,725,-0.023982242,,,,,,
,,,,,,726,0.006225808,,,,,,
,,,,,,727,0.001459248,,,,,,
,,,,,,728,0.011418477,,,,,,
,,,,,,729,0.000256874,,,,,,
,,,,,,730,-0.004336695,,,,,,
,,,,,,731,0.006093764,,,,,,
,,,,,,732,-0.015403877,,,,,,
,,,,,,733,-0.004141998,,,,,,
,,,,,,734,0.003088267,,,,,,
,,,,,,735,0.004087795,,,,,,
,,,,,,736,-0.007543952,,,,,,
,,,,,,737,0.016188255,,,,,,
,,,,,,738,-0.015366413,,,,,,
,,,,,,739,0.006228792,,,,,,
,,,,,,740,0.023708416,,,,,,
,,,,,,741,0.010571572,,,,,,
,,,,,,742,-0.034816014,,,,,,
,,,,,,743,-0.008354141,,,,,,
,,,,,,744,0.027277351,,,,,,
,,,,,,745,0.017333559,,,,,,
,,,,,,746,0.028463609,,,,,,
,,,,,,747,-0.004364329,,,,,,
,,,,,,748,-0.005321677,,,,,,
